step,strategy_agg,fitness_clust,factor_local,factor_11_pos,factor_13_pos,mean_factor_dist,fitness_grad_mean,fitness_grad_std,entropy_global,entropy_front,swaps,consec_zero_swaps,stagnant
0,54.00,80.00,0.2449,11,48,29.50,0.1477,0.1390,1.5844,1.2955,0,0,false
1,76.00,88.00,0.2245,10,48,29.00,0.0747,0.0992,1.5844,1.4855,32,0,false
2,84.00,88.00,0.5510,25,47,36.00,0.0960,0.1236,1.5844,1.3710,34,0,false
3,72.00,74.00,0.5306,24,47,35.50,0.1090,0.1254,1.5844,0.9710,27,0,false
4,68.00,88.00,0.5102,22,46,34.00,0.0871,0.1130,1.5844,0.9710,33,0,false
5,72.00,90.00,0.4082,18,47,32.50,0.0715,0.1098,1.5844,1.0000,26,0,false
6,82.00,94.00,0.4082,17,46,31.50,0.0668,0.1095,1.5844,0.9710,22,0,false
7,84.00,90.00,0.3673,16,47,31.50,0.0680,0.1072,1.5844,0.9710,24,0,false
8,82.00,90.00,0.3469,14,46,30.00,0.0675,0.1045,1.5844,0.9710,22,0,false
9,80.00,86.00,0.2857,12,47,29.50,0.0656,0.1044,1.5844,0.9710,25,0,false
10,74.00,92.00,0.2449,9,46,27.50,0.0526,0.0892,1.5844,0.9710,19,0,false
11,76.00,92.00,0.2041,8,47,27.50,0.0489,0.0883,1.5844,0.9710,17,0,false
12,74.00,92.00,0.1837,6,46,26.00,0.0486,0.0880,1.5844,0.9710,18,0,false
13,74.00,92.00,0.1429,5,47,26.00,0.0482,0.0880,1.5844,0.9710,16,0,false
14,68.00,92.00,0.1224,3,46,24.50,0.0467,0.0884,1.5844,0.9710,17,0,false
15,74.00,94.00,0.0612,1,47,24.00,0.0452,0.0884,1.5844,0.9710,16,0,false
16,84.00,94.00,0.0612,0,46,23.00,0.0436,0.0880,1.5844,0.9710,17,0,false
17,86.00,94.00,0.0408,0,47,23.50,0.0420,0.0873,1.5844,0.9710,14,0,false
18,90.00,94.00,0.0612,0,46,23.00,0.0404,0.0872,1.5844,0.9710,14,0,false
19,88.00,98.00,0.0408,0,47,23.50,0.0374,0.0863,1.5844,0.9710,14,0,false
20,90.00,98.00,0.0612,0,46,23.00,0.0371,0.0857,1.5844,0.9710,13,0,false
21,90.00,98.00,0.0408,0,47,23.50,0.0368,0.0856,1.5844,0.9710,12,0,false
22,90.00,98.00,0.0612,0,46,23.00,0.0357,0.0854,1.5844,0.9710,12,0,false
23,90.00,98.00,0.0408,0,47,23.50,0.0336,0.0848,1.5844,0.9710,12,0,false
24,90.00,98.00,0.0612,0,46,23.00,0.0336,0.0848,1.5844,0.9710,11,0,false
25,90.00,98.00,0.0408,0,47,23.50,0.0336,0.0848,1.5844,0.9710,11,0,false
26,90.00,98.00,0.0612,0,46,23.00,0.0336,0.0848,1.5844,0.9710,11,0,false
27,90.00,98.00,0.0408,0,47,23.50,0.0336,0.0848,1.5844,0.9710,11,0,false
28,90.00,98.00,0.0612,0,46,23.00,0.0336,0.0848,1.5844,0.9710,11,0,false
29,90.00,98.00,0.0408,0,47,23.50,0.0336,0.0848,1.5844,0.9710,11,0,false
30,90.00,98.00,0.0612,0,46,23.00,0.0336,0.0848,1.5844,0.9710,11,0,false
31,90.00,98.00,0.0408,0,47,23.50,0.0336,0.0848,1.5844,0.9710,11,0,false
32,90.00,98.00,0.0612,0,46,23.00,0.0336,0.0848,1.5844,0.9710,11,0,false
33,90.00,98.00,0.0408,0,47,23.50,0.0336,0.0848,1.5844,0.9710,11,0,false
34,90.00,98.00,0.0612,0,46,23.00,0.0336,0.0848,1.5844,0.9710,11,0,false
35,90.00,98.00,0.0408,0,47,23.50,0.0336,0.0848,1.5844,0.9710,11,0,false
36,90.00,98.00,0.0612,0,46,23.00,0.0336,0.0848,1.5844,0.9710,11,0,false
37,90.00,98.00,0.0408,0,47,23.50,0.0336,0.0848,1.5844,0.9710,11,0,false
38,90.00,98.00,0.0612,0,46,23.00,0.0336,0.0848,1.5844,0.9710,11,0,false
39,90.00,98.00,0.0408,0,47,23.50,0.0336,0.0848,1.5844,0.9710,11,0,false
40,90.00,98.00,0.0612,0,46,23.00,0.0336,0.0848,1.5844,0.9710,11,0,false
41,90.00,98.00,0.0408,0,47,23.50,0.0336,0.0848,1.5844,0.9710,11,0,false
42,90.00,98.00,0.0612,0,46,23.00,0.0336,0.0848,1.5844,0.9710,11,0,false
43,90.00,98.00,0.0408,0,47,23.50,0.0336,0.0848,1.5844,0.9710,11,0,false
44,90.00,98.00,0.0612,0,46,23.00,0.0336,0.0848,1.5844,0.9710,11,0,false
45,90.00,98.00,0.0408,0,47,23.50,0.0336,0.0848,1.5844,0.9710,11,0,false
46,90.00,98.00,0.0612,0,46,23.00,0.0336,0.0848,1.5844,0.9710,11,0,false
47,90.00,98.00,0.0408,0,47,23.50,0.0336,0.0848,1.5844,0.9710,11,0,false
48,90.00,98.00,0.0612,0,46,23.00,0.0336,0.0848,1.5844,0.9710,11,0,false
49,90.00,98.00,0.0408,0,47,23.50,0.0336,0.0848,1.5844,0.9710,11,0,false
50,90.00,98.00,0.0612,0,46,23.00,0.0336,0.0848,1.5844,0.9710,11,0,false
51,90.00,98.00,0.0408,0,47,23.50,0.0336,0.0848,1.5844,0.9710,11,0,false
52,90.00,98.00,0.0612,0,46,23.00,0.0336,0.0848,1.5844,0.9710,11,0,false
53,90.00,98.00,0.0408,0,47,23.50,0.0336,0.0848,1.5844,0.9710,11,0,false
54,90.00,98.00,0.0612,0,46,23.00,0.0336,0.0848,1.5844,0.9710,11,0,false
55,90.00,98.00,0.0408,0,47,23.50,0.0336,0.0848,1.5844,0.9710,11,0,false
56,90.00,98.00,0.0612,0,46,23.00,0.0336,0.0848,1.5844,0.9710,11,0,false
57,90.00,98.00,0.0408,0,47,23.50,0.0336,0.0848,1.5844,0.9710,11,0,false
58,90.00,98.00,0.0612,0,46,23.00,0.0336,0.0848,1.5844,0.9710,11,0,false
59,90.00,98.00,0.0408,0,47,23.50,0.0336,0.0848,1.5844,0.9710,11,0,false
60,90.00,98.00,0.0612,0,46,23.00,0.0336,0.0848,1.5844,0.9710,11,0,false
61,90.00,98.00,0.0408,0,47,23.50,0.0336,0.0848,1.5844,0.9710,11,0,false
62,90.00,98.00,0.0612,0,46,23.00,0.0336,0.0848,1.5844,0.9710,11,0,false
63,90.00,98.00,0.0408,0,47,23.50,0.0336,0.0848,1.5844,0.9710,11,0,false
64,90.00,98.00,0.0612,0,46,23.00,0.0336,0.0848,1.5844,0.9710,11,0,false
65,90.00,98.00,0.0408,0,47,23.50,0.0336,0.0848,1.5844,0.9710,11,0,false
66,90.00,98.00,0.0612,0,46,23.00,0.0336,0.0848,1.5844,0.9710,11,0,false
67,90.00,98.00,0.0408,0,47,23.50,0.0336,0.0848,1.5844,0.9710,11,0,false
68,90.00,98.00,0.0612,0,46,23.00,0.0336,0.0848,1.5844,0.9710,11,0,false
69,90.00,98.00,0.0408,0,47,23.50,0.0336,0.0848,1.5844,0.9710,11,0,false
70,90.00,98.00,0.0612,0,46,23.00,0.0336,0.0848,1.5844,0.9710,11,0,false
71,90.00,98.00,0.0408,0,47,23.50,0.0336,0.0848,1.5844,0.9710,11,0,false
72,90.00,98.00,0.0612,0,46,23.00,0.0336,0.0848,1.5844,0.9710,11,0,false
73,90.00,98.00,0.0408,0,47,23.50,0.0336,0.0848,1.5844,0.9710,11,0,false
74,90.00,98.00,0.0612,0,46,23.00,0.0336,0.0848,1.5844,0.9710,11,0,false
75,90.00,98.00,0.0408,0,47,23.50,0.0336,0.0848,1.5844,0.9710,11,0,false
76,90.00,98.00,0.0612,0,46,23.00,0.0336,0.0848,1.5844,0.9710,11,0,false
77,90.00,98.00,0.0408,0,47,23.50,0.0336,0.0848,1.5844,0.9710,11,0,false
78,90.00,98.00,0.0612,0,46,23.00,0.0336,0.0848,1.5844,0.9710,11,0,false
79,90.00,98.00,0.0408,0,47,23.50,0.0336,0.0848,1.5844,0.9710,11,0,false
80,90.00,98.00,0.0612,0,46,23.00,0.0336,0.0848,1.5844,0.9710,11,0,false
81,90.00,98.00,0.0408,0,47,23.50,0.0336,0.0848,1.5844,0.9710,11,0,false
82,90.00,98.00,0.0612,0,46,23.00,0.0336,0.0848,1.5844,0.9710,11,0,false
83,90.00,98.00,0.0408,0,47,23.50,0.0336,0.0848,1.5844,0.9710,11,0,false
84,90.00,98.00,0.0612,0,46,23.00,0.0336,0.0848,1.5844,0.9710,11,0,false
85,90.00,98.00,0.0408,0,47,23.50,0.0336,0.0848,1.5844,0.9710,11,0,false
86,90.00,98.00,0.0612,0,46,23.00,0.0336,0.0848,1.5844,0.9710,11,0,false
87,90.00,98.00,0.0408,0,47,23.50,0.0336,0.0848,1.5844,0.9710,11,0,false
88,90.00,98.00,0.0612,0,46,23.00,0.0336,0.0848,1.5844,0.9710,11,0,false
89,90.00,98.00,0.0408,0,47,23.50,0.0336,0.0848,1.5844,0.9710,11,0,false
90,90.00,98.00,0.0612,0,46,23.00,0.0336,0.0848,1.5844,0.9710,11,0,false
91,90.00,98.00,0.0408,0,47,23.50,0.0336,0.0848,1.5844,0.9710,11,0,false
92,90.00,98.00,0.0612,0,46,23.00,0.0336,0.0848,1.5844,0.9710,11,0,false
93,90.00,98.00,0.0408,0,47,23.50,0.0336,0.0848,1.5844,0.9710,11,0,false
94,90.00,98.00,0.0612,0,46,23.00,0.0336,0.0848,1.5844,0.9710,11,0,false
95,90.00,98.00,0.0408,0,47,23.50,0.0336,0.0848,1.5844,0.9710,11,0,false
96,90.00,98.00,0.0612,0,46,23.00,0.0336,0.0848,1.5844,0.9710,11,0,false
97,90.00,98.00,0.0408,0,47,23.50,0.0336,0.0848,1.5844,0.9710,11,0,false
98,90.00,98.00,0.0612,0,46,23.00,0.0336,0.0848,1.5844,0.9710,11,0,false
99,90.00,98.00,0.0408,0,47,23.50,0.0336,0.0848,1.5844,0.9710,11,0,false
100,90.00,98.00,0.0612,0,46,23.00,0.0336,0.0848,1.5844,0.9710,11,0,false
101,90.00,98.00,0.0408,0,47,23.50,0.0336,0.0848,1.5844,0.9710,11,0,false
102,90.00,98.00,0.0612,0,46,23.00,0.0336,0.0848,1.5844,0.9710,11,0,false
103,90.00,98.00,0.0408,0,47,23.50,0.0336,0.0848,1.5844,0.9710,11,0,false
104,90.00,98.00,0.0612,0,46,23.00,0.0336,0.0848,1.5844,0.9710,11,0,false
105,90.00,98.00,0.0408,0,47,23.50,0.0336,0.0848,1.5844,0.9710,11,0,false
106,90.00,98.00,0.0612,0,46,23.00,0.0336,0.0848,1.5844,0.9710,11,0,false
107,90.00,98.00,0.0408,0,47,23.50,0.0336,0.0848,1.5844,0.9710,11,0,false
108,90.00,98.00,0.0612,0,46,23.00,0.0336,0.0848,1.5844,0.9710,11,0,false
109,90.00,98.00,0.0408,0,47,23.50,0.0336,0.0848,1.5844,0.9710,11,0,false
110,90.00,98.00,0.0612,0,46,23.00,0.0336,0.0848,1.5844,0.9710,11,0,false
111,90.00,98.00,0.0408,0,47,23.50,0.0336,0.0848,1.5844,0.9710,11,0,false
112,90.00,98.00,0.0612,0,46,23.00,0.0336,0.0848,1.5844,0.9710,11,0,false
113,90.00,98.00,0.0408,0,47,23.50,0.0336,0.0848,1.5844,0.9710,11,0,false
114,90.00,98.00,0.0612,0,46,23.00,0.0336,0.0848,1.5844,0.9710,11,0,false
115,90.00,98.00,0.0408,0,47,23.50,0.0336,0.0848,1.5844,0.9710,11,0,false
116,90.00,98.00,0.0612,0,46,23.00,0.0336,0.0848,1.5844,0.9710,11,0,false
117,90.00,98.00,0.0408,0,47,23.50,0.0336,0.0848,1.5844,0.9710,11,0,false
118,90.00,98.00,0.0612,0,46,23.00,0.0336,0.0848,1.5844,0.9710,11,0,false
119,90.00,98.00,0.0408,0,47,23.50,0.0336,0.0848,1.5844,0.9710,11,0,false
120,90.00,98.00,0.0612,0,46,23.00,0.0336,0.0848,1.5844,0.9710,11,0,false
121,90.00,98.00,0.0408,0,47,23.50,0.0336,0.0848,1.5844,0.9710,11,0,false
122,90.00,98.00,0.0612,0,46,23.00,0.0336,0.0848,1.5844,0.9710,11,0,false
123,90.00,98.00,0.0408,0,47,23.50,0.0336,0.0848,1.5844,0.9710,11,0,false
124,90.00,98.00,0.0612,0,46,23.00,0.0336,0.0848,1.5844,0.9710,11,0,false
125,90.00,98.00,0.0408,0,47,23.50,0.0336,0.0848,1.5844,0.9710,11,0,false
126,90.00,98.00,0.0612,0,46,23.00,0.0336,0.0848,1.5844,0.9710,11,0,false
127,90.00,98.00,0.0408,0,47,23.50,0.0336,0.0848,1.5844,0.9710,11,0,false
128,90.00,98.00,0.0612,0,46,23.00,0.0336,0.0848,1.5844,0.9710,11,0,false
129,90.00,98.00,0.0408,0,47,23.50,0.0336,0.0848,1.5844,0.9710,11,0,false
130,90.00,98.00,0.0612,0,46,23.00,0.0336,0.0848,1.5844,0.9710,11,0,false
131,90.00,98.00,0.0408,0,47,23.50,0.0336,0.0848,1.5844,0.9710,11,0,false
132,90.00,98.00,0.0612,0,46,23.00,0.0336,0.0848,1.5844,0.9710,11,0,false
133,90.00,98.00,0.0408,0,47,23.50,0.0336,0.0848,1.5844,0.9710,11,0,false
134,90.00,98.00,0.0612,0,46,23.00,0.0336,0.0848,1.5844,0.9710,11,0,false
135,90.00,98.00,0.0408,0,47,23.50,0.0336,0.0848,1.5844,0.9710,11,0,false
136,90.00,98.00,0.0612,0,46,23.00,0.0336,0.0848,1.5844,0.9710,11,0,false
137,90.00,98.00,0.0408,0,47,23.50,0.0336,0.0848,1.5844,0.9710,11,0,false
138,90.00,98.00,0.0612,0,46,23.00,0.0336,0.0848,1.5844,0.9710,11,0,false
139,90.00,98.00,0.0408,0,47,23.50,0.0336,0.0848,1.5844,0.9710,11,0,false
140,90.00,98.00,0.0612,0,46,23.00,0.0336,0.0848,1.5844,0.9710,11,0,false
141,90.00,98.00,0.0408,0,47,23.50,0.0336,0.0848,1.5844,0.9710,11,0,false
142,90.00,98.00,0.0612,0,46,23.00,0.0336,0.0848,1.5844,0.9710,11,0,false
143,90.00,98.00,0.0408,0,47,23.50,0.0336,0.0848,1.5844,0.9710,11,0,false
144,90.00,98.00,0.0612,0,46,23.00,0.0336,0.0848,1.5844,0.9710,11,0,false
145,90.00,98.00,0.0408,0,47,23.50,0.0336,0.0848,1.5844,0.9710,11,0,false
146,90.00,98.00,0.0612,0,46,23.00,0.0336,0.0848,1.5844,0.9710,11,0,false
147,90.00,98.00,0.0408,0,47,23.50,0.0336,0.0848,1.5844,0.9710,11,0,false
148,90.00,98.00,0.0612,0,46,23.00,0.0336,0.0848,1.5844,0.9710,11,0,false
149,90.00,98.00,0.0408,0,47,23.50,0.0336,0.0848,1.5844,0.9710,11,0,false
150,90.00,98.00,0.0612,0,46,23.00,0.0336,0.0848,1.5844,0.9710,11,0,false
151,90.00,98.00,0.0408,0,47,23.50,0.0336,0.0848,1.5844,0.9710,11,0,false
152,90.00,98.00,0.0612,0,46,23.00,0.0336,0.0848,1.5844,0.9710,11,0,false
153,90.00,98.00,0.0408,0,47,23.50,0.0336,0.0848,1.5844,0.9710,11,0,false
154,90.00,98.00,0.0612,0,46,23.00,0.0336,0.0848,1.5844,0.9710,11,0,false
155,90.00,98.00,0.0408,0,47,23.50,0.0336,0.0848,1.5844,0.9710,11,0,false
156,90.00,98.00,0.0612,0,46,23.00,0.0336,0.0848,1.5844,0.9710,11,0,false
157,90.00,98.00,0.0408,0,47,23.50,0.0336,0.0848,1.5844,0.9710,11,0,false
158,90.00,98.00,0.0612,0,46,23.00,0.0336,0.0848,1.5844,0.9710,11,0,false
159,90.00,98.00,0.0408,0,47,23.50,0.0336,0.0848,1.5844,0.9710,11,0,false
160,90.00,98.00,0.0612,0,46,23.00,0.0336,0.0848,1.5844,0.9710,11,0,false
161,90.00,98.00,0.0408,0,47,23.50,0.0336,0.0848,1.5844,0.9710,11,0,false
162,90.00,98.00,0.0612,0,46,23.00,0.0336,0.0848,1.5844,0.9710,11,0,false
163,90.00,98.00,0.0408,0,47,23.50,0.0336,0.0848,1.5844,0.9710,11,0,false
164,90.00,98.00,0.0612,0,46,23.00,0.0336,0.0848,1.5844,0.9710,11,0,false
165,90.00,98.00,0.0408,0,47,23.50,0.0336,0.0848,1.5844,0.9710,11,0,false
166,90.00,98.00,0.0612,0,46,23.00,0.0336,0.0848,1.5844,0.9710,11,0,false
167,90.00,98.00,0.0408,0,47,23.50,0.0336,0.0848,1.5844,0.9710,11,0,false
168,90.00,98.00,0.0612,0,46,23.00,0.0336,0.0848,1.5844,0.9710,11,0,false
169,90.00,98.00,0.0408,0,47,23.50,0.0336,0.0848,1.5844,0.9710,11,0,false
170,90.00,98.00,0.0612,0,46,23.00,0.0336,0.0848,1.5844,0.9710,11,0,false
171,90.00,98.00,0.0408,0,47,23.50,0.0336,0.0848,1.5844,0.9710,11,0,false
172,90.00,98.00,0.0612,0,46,23.00,0.0336,0.0848,1.5844,0.9710,11,0,false
173,90.00,98.00,0.0408,0,47,23.50,0.0336,0.0848,1.5844,0.9710,11,0,false
174,90.00,98.00,0.0612,0,46,23.00,0.0336,0.0848,1.5844,0.9710,11,0,false
175,90.00,98.00,0.0408,0,47,23.50,0.0336,0.0848,1.5844,0.9710,11,0,false
176,90.00,98.00,0.0612,0,46,23.00,0.0336,0.0848,1.5844,0.9710,11,0,false
177,90.00,98.00,0.0408,0,47,23.50,0.0336,0.0848,1.5844,0.9710,11,0,false
178,90.00,98.00,0.0612,0,46,23.00,0.0336,0.0848,1.5844,0.9710,11,0,false
179,90.00,98.00,0.0408,0,47,23.50,0.0336,0.0848,1.5844,0.9710,11,0,false
180,90.00,98.00,0.0612,0,46,23.00,0.0336,0.0848,1.5844,0.9710,11,0,false
181,90.00,98.00,0.0408,0,47,23.50,0.0336,0.0848,1.5844,0.9710,11,0,false
182,90.00,98.00,0.0612,0,46,23.00,0.0336,0.0848,1.5844,0.9710,11,0,false
183,90.00,98.00,0.0408,0,47,23.50,0.0336,0.0848,1.5844,0.9710,11,0,false
184,90.00,98.00,0.0612,0,46,23.00,0.0336,0.0848,1.5844,0.9710,11,0,false
185,90.00,98.00,0.0408,0,47,23.50,0.0336,0.0848,1.5844,0.9710,11,0,false
186,90.00,98.00,0.0612,0,46,23.00,0.0336,0.0848,1.5844,0.9710,11,0,false
187,90.00,98.00,0.0408,0,47,23.50,0.0336,0.0848,1.5844,0.9710,11,0,false
188,90.00,98.00,0.0612,0,46,23.00,0.0336,0.0848,1.5844,0.9710,11,0,false
189,90.00,98.00,0.0408,0,47,23.50,0.0336,0.0848,1.5844,0.9710,11,0,false
190,90.00,98.00,0.0612,0,46,23.00,0.0336,0.0848,1.5844,0.9710,11,0,false
191,90.00,98.00,0.0408,0,47,23.50,0.0336,0.0848,1.5844,0.9710,11,0,false
192,90.00,98.00,0.0612,0,46,23.00,0.0336,0.0848,1.5844,0.9710,11,0,false
193,90.00,98.00,0.0408,0,47,23.50,0.0336,0.0848,1.5844,0.9710,11,0,false
194,90.00,98.00,0.0612,0,46,23.00,0.0336,0.0848,1.5844,0.9710,11,0,false
195,90.00,98.00,0.0408,0,47,23.50,0.0336,0.0848,1.5844,0.9710,11,0,false
196,90.00,98.00,0.0612,0,46,23.00,0.0336,0.0848,1.5844,0.9710,11,0,false
197,90.00,98.00,0.0408,0,47,23.50,0.0336,0.0848,1.5844,0.9710,11,0,false
198,90.00,98.00,0.0612,0,46,23.00,0.0336,0.0848,1.5844,0.9710,11,0,false
199,90.00,98.00,0.0408,0,47,23.50,0.0336,0.0848,1.5844,0.9710,11,0,false
200,90.00,98.00,0.0612,0,46,23.00,0.0336,0.0848,1.5844,0.9710,11,0,false
201,90.00,98.00,0.0408,0,47,23.50,0.0336,0.0848,1.5844,0.9710,11,0,false
202,90.00,98.00,0.0612,0,46,23.00,0.0336,0.0848,1.5844,0.9710,11,0,false
203,90.00,98.00,0.0408,0,47,23.50,0.0336,0.0848,1.5844,0.9710,11,0,false
204,90.00,98.00,0.0612,0,46,23.00,0.0336,0.0848,1.5844,0.9710,11,0,false
205,90.00,98.00,0.0408,0,47,23.50,0.0336,0.0848,1.5844,0.9710,11,0,false
206,90.00,98.00,0.0612,0,46,23.00,0.0336,0.0848,1.5844,0.9710,11,0,false
207,90.00,98.00,0.0408,0,47,23.50,0.0336,0.0848,1.5844,0.9710,11,0,false
208,90.00,98.00,0.0612,0,46,23.00,0.0336,0.0848,1.5844,0.9710,11,0,false
209,90.00,98.00,0.0408,0,47,23.50,0.0336,0.0848,1.5844,0.9710,11,0,false
210,90.00,98.00,0.0612,0,46,23.00,0.0336,0.0848,1.5844,0.9710,11,0,false
211,90.00,98.00,0.0408,0,47,23.50,0.0336,0.0848,1.5844,0.9710,11,0,false
212,90.00,98.00,0.0612,0,46,23.00,0.0336,0.0848,1.5844,0.9710,11,0,false
213,90.00,98.00,0.0408,0,47,23.50,0.0336,0.0848,1.5844,0.9710,11,0,false
214,90.00,98.00,0.0612,0,46,23.00,0.0336,0.0848,1.5844,0.9710,11,0,false
215,90.00,98.00,0.0408,0,47,23.50,0.0336,0.0848,1.5844,0.9710,11,0,false
216,90.00,98.00,0.0612,0,46,23.00,0.0336,0.0848,1.5844,0.9710,11,0,false
217,90.00,98.00,0.0408,0,47,23.50,0.0336,0.0848,1.5844,0.9710,11,0,false
218,90.00,98.00,0.0612,0,46,23.00,0.0336,0.0848,1.5844,0.9710,11,0,false
219,90.00,98.00,0.0408,0,47,23.50,0.0336,0.0848,1.5844,0.9710,11,0,false
220,90.00,98.00,0.0612,0,46,23.00,0.0336,0.0848,1.5844,0.9710,11,0,false
221,90.00,98.00,0.0408,0,47,23.50,0.0336,0.0848,1.5844,0.9710,11,0,false
222,90.00,98.00,0.0612,0,46,23.00,0.0336,0.0848,1.5844,0.9710,11,0,false
223,90.00,98.00,0.0408,0,47,23.50,0.0336,0.0848,1.5844,0.9710,11,0,false
224,90.00,98.00,0.0612,0,46,23.00,0.0336,0.0848,1.5844,0.9710,11,0,false
225,90.00,98.00,0.0408,0,47,23.50,0.0336,0.0848,1.5844,0.9710,11,0,false
226,90.00,98.00,0.0612,0,46,23.00,0.0336,0.0848,1.5844,0.9710,11,0,false
227,90.00,98.00,0.0408,0,47,23.50,0.0336,0.0848,1.5844,0.9710,11,0,false
228,90.00,98.00,0.0612,0,46,23.00,0.0336,0.0848,1.5844,0.9710,11,0,false
229,90.00,98.00,0.0408,0,47,23.50,0.0336,0.0848,1.5844,0.9710,11,0,false
230,90.00,98.00,0.0612,0,46,23.00,0.0336,0.0848,1.5844,0.9710,11,0,false
231,90.00,98.00,0.0408,0,47,23.50,0.0336,0.0848,1.5844,0.9710,11,0,false
232,90.00,98.00,0.0612,0,46,23.00,0.0336,0.0848,1.5844,0.9710,11,0,false
233,90.00,98.00,0.0408,0,47,23.50,0.0336,0.0848,1.5844,0.9710,11,0,false
234,90.00,98.00,0.0612,0,46,23.00,0.0336,0.0848,1.5844,0.9710,11,0,false
235,90.00,98.00,0.0408,0,47,23.50,0.0336,0.0848,1.5844,0.9710,11,0,false
236,90.00,98.00,0.0612,0,46,23.00,0.0336,0.0848,1.5844,0.9710,11,0,false
237,90.00,98.00,0.0408,0,47,23.50,0.0336,0.0848,1.5844,0.9710,11,0,false
238,90.00,98.00,0.0612,0,46,23.00,0.0336,0.0848,1.5844,0.9710,11,0,false
239,90.00,98.00,0.0408,0,47,23.50,0.0336,0.0848,1.5844,0.9710,11,0,false
240,90.00,98.00,0.0612,0,46,23.00,0.0336,0.0848,1.5844,0.9710,11,0,false
241,90.00,98.00,0.0408,0,47,23.50,0.0336,0.0848,1.5844,0.9710,11,0,false
242,90.00,98.00,0.0612,0,46,23.00,0.0336,0.0848,1.5844,0.9710,11,0,false
243,90.00,98.00,0.0408,0,47,23.50,0.0336,0.0848,1.5844,0.9710,11,0,false
244,90.00,98.00,0.0612,0,46,23.00,0.0336,0.0848,1.5844,0.9710,11,0,false
245,90.00,98.00,0.0408,0,47,23.50,0.0336,0.0848,1.5844,0.9710,11,0,false
246,90.00,98.00,0.0612,0,46,23.00,0.0336,0.0848,1.5844,0.9710,11,0,false
247,90.00,98.00,0.0408,0,47,23.50,0.0336,0.0848,1.5844,0.9710,11,0,false
248,90.00,98.00,0.0612,0,46,23.00,0.0336,0.0848,1.5844,0.9710,11,0,false
249,90.00,98.00,0.0408,0,47,23.50,0.0336,0.0848,1.5844,0.9710,11,0,false
250,90.00,98.00,0.0612,0,46,23.00,0.0336,0.0848,1.5844,0.9710,11,0,false
251,90.00,98.00,0.0408,0,47,23.50,0.0336,0.0848,1.5844,0.9710,11,0,false
252,90.00,98.00,0.0612,0,46,23.00,0.0336,0.0848,1.5844,0.9710,11,0,false
253,90.00,98.00,0.0408,0,47,23.50,0.0336,0.0848,1.5844,0.9710,11,0,false
254,90.00,98.00,0.0612,0,46,23.00,0.0336,0.0848,1.5844,0.9710,11,0,false
255,90.00,98.00,0.0408,0,47,23.50,0.0336,0.0848,1.5844,0.9710,11,0,false
256,90.00,98.00,0.0612,0,46,23.00,0.0336,0.0848,1.5844,0.9710,11,0,false
257,90.00,98.00,0.0408,0,47,23.50,0.0336,0.0848,1.5844,0.9710,11,0,false
258,90.00,98.00,0.0612,0,46,23.00,0.0336,0.0848,1.5844,0.9710,11,0,false
259,90.00,98.00,0.0408,0,47,23.50,0.0336,0.0848,1.5844,0.9710,11,0,false
260,90.00,98.00,0.0612,0,46,23.00,0.0336,0.0848,1.5844,0.9710,11,0,false
261,90.00,98.00,0.0408,0,47,23.50,0.0336,0.0848,1.5844,0.9710,11,0,false
262,90.00,98.00,0.0612,0,46,23.00,0.0336,0.0848,1.5844,0.9710,11,0,false
263,90.00,98.00,0.0408,0,47,23.50,0.0336,0.0848,1.5844,0.9710,11,0,false
264,90.00,98.00,0.0612,0,46,23.00,0.0336,0.0848,1.5844,0.9710,11,0,false
265,90.00,98.00,0.0408,0,47,23.50,0.0336,0.0848,1.5844,0.9710,11,0,false
266,90.00,98.00,0.0612,0,46,23.00,0.0336,0.0848,1.5844,0.9710,11,0,false
267,90.00,98.00,0.0408,0,47,23.50,0.0336,0.0848,1.5844,0.9710,11,0,false
268,90.00,98.00,0.0612,0,46,23.00,0.0336,0.0848,1.5844,0.9710,11,0,false
269,90.00,98.00,0.0408,0,47,23.50,0.0336,0.0848,1.5844,0.9710,11,0,false
270,90.00,98.00,0.0612,0,46,23.00,0.0336,0.0848,1.5844,0.9710,11,0,false
271,90.00,98.00,0.0408,0,47,23.50,0.0336,0.0848,1.5844,0.9710,11,0,false
272,90.00,98.00,0.0612,0,46,23.00,0.0336,0.0848,1.5844,0.9710,11,0,false
273,90.00,98.00,0.0408,0,47,23.50,0.0336,0.0848,1.5844,0.9710,11,0,false
274,90.00,98.00,0.0612,0,46,23.00,0.0336,0.0848,1.5844,0.9710,11,0,false
275,90.00,98.00,0.0408,0,47,23.50,0.0336,0.0848,1.5844,0.9710,11,0,false
276,90.00,98.00,0.0612,0,46,23.00,0.0336,0.0848,1.5844,0.9710,11,0,false
277,90.00,98.00,0.0408,0,47,23.50,0.0336,0.0848,1.5844,0.9710,11,0,false
278,90.00,98.00,0.0612,0,46,23.00,0.0336,0.0848,1.5844,0.9710,11,0,false
279,90.00,98.00,0.0408,0,47,23.50,0.0336,0.0848,1.5844,0.9710,11,0,false
280,90.00,98.00,0.0612,0,46,23.00,0.0336,0.0848,1.5844,0.9710,11,0,false
281,90.00,98.00,0.0408,0,47,23.50,0.0336,0.0848,1.5844,0.9710,11,0,false
282,90.00,98.00,0.0612,0,46,23.00,0.0336,0.0848,1.5844,0.9710,11,0,false
283,90.00,98.00,0.0408,0,47,23.50,0.0336,0.0848,1.5844,0.9710,11,0,false
284,90.00,98.00,0.0612,0,46,23.00,0.0336,0.0848,1.5844,0.9710,11,0,false
285,90.00,98.00,0.0408,0,47,23.50,0.0336,0.0848,1.5844,0.9710,11,0,false
286,90.00,98.00,0.0612,0,46,23.00,0.0336,0.0848,1.5844,0.9710,11,0,false
287,90.00,98.00,0.0408,0,47,23.50,0.0336,0.0848,1.5844,0.9710,11,0,false
288,90.00,98.00,0.0612,0,46,23.00,0.0336,0.0848,1.5844,0.9710,11,0,false
289,90.00,98.00,0.0408,0,47,23.50,0.0336,0.0848,1.5844,0.9710,11,0,false
290,90.00,98.00,0.0612,0,46,23.00,0.0336,0.0848,1.5844,0.9710,11,0,false
291,90.00,98.00,0.0408,0,47,23.50,0.0336,0.0848,1.5844,0.9710,11,0,false
292,90.00,98.00,0.0612,0,46,23.00,0.0336,0.0848,1.5844,0.9710,11,0,false
293,90.00,98.00,0.0408,0,47,23.50,0.0336,0.0848,1.5844,0.9710,11,0,false
294,90.00,98.00,0.0612,0,46,23.00,0.0336,0.0848,1.5844,0.9710,11,0,false
295,90.00,98.00,0.0408,0,47,23.50,0.0336,0.0848,1.5844,0.9710,11,0,false
296,90.00,98.00,0.0612,0,46,23.00,0.0336,0.0848,1.5844,0.9710,11,0,false
297,90.00,98.00,0.0408,0,47,23.50,0.0336,0.0848,1.5844,0.9710,11,0,false
298,90.00,98.00,0.0612,0,46,23.00,0.0336,0.0848,1.5844,0.9710,11,0,false
299,90.00,98.00,0.0408,0,47,23.50,0.0336,0.0848,1.5844,0.9710,11,0,false
300,90.00,98.00,0.0612,0,46,23.00,0.0336,0.0848,1.5844,0.9710,11,0,false
301,90.00,98.00,0.0408,0,47,23.50,0.0336,0.0848,1.5844,0.9710,11,0,false
302,90.00,98.00,0.0612,0,46,23.00,0.0336,0.0848,1.5844,0.9710,11,0,false
303,90.00,98.00,0.0408,0,47,23.50,0.0336,0.0848,1.5844,0.9710,11,0,false
304,90.00,98.00,0.0612,0,46,23.00,0.0336,0.0848,1.5844,0.9710,11,0,false
305,90.00,98.00,0.0408,0,47,23.50,0.0336,0.0848,1.5844,0.9710,11,0,false
306,90.00,98.00,0.0612,0,46,23.00,0.0336,0.0848,1.5844,0.9710,11,0,false
307,90.00,98.00,0.0408,0,47,23.50,0.0336,0.0848,1.5844,0.9710,11,0,false
308,90.00,98.00,0.0612,0,46,23.00,0.0336,0.0848,1.5844,0.9710,11,0,false
309,90.00,98.00,0.0408,0,47,23.50,0.0336,0.0848,1.5844,0.9710,11,0,false
310,90.00,98.00,0.0612,0,46,23.00,0.0336,0.0848,1.5844,0.9710,11,0,false
311,90.00,98.00,0.0408,0,47,23.50,0.0336,0.0848,1.5844,0.9710,11,0,false
312,90.00,98.00,0.0612,0,46,23.00,0.0336,0.0848,1.5844,0.9710,11,0,false
313,90.00,98.00,0.0408,0,47,23.50,0.0336,0.0848,1.5844,0.9710,11,0,false
314,90.00,98.00,0.0612,0,46,23.00,0.0336,0.0848,1.5844,0.9710,11,0,false
315,90.00,98.00,0.0408,0,47,23.50,0.0336,0.0848,1.5844,0.9710,11,0,false
316,90.00,98.00,0.0612,0,46,23.00,0.0336,0.0848,1.5844,0.9710,11,0,false
317,90.00,98.00,0.0408,0,47,23.50,0.0336,0.0848,1.5844,0.9710,11,0,false
318,90.00,98.00,0.0612,0,46,23.00,0.0336,0.0848,1.5844,0.9710,11,0,false
319,90.00,98.00,0.0408,0,47,23.50,0.0336,0.0848,1.5844,0.9710,11,0,false
320,90.00,98.00,0.0612,0,46,23.00,0.0336,0.0848,1.5844,0.9710,11,0,false
321,90.00,98.00,0.0408,0,47,23.50,0.0336,0.0848,1.5844,0.9710,11,0,false
322,90.00,98.00,0.0612,0,46,23.00,0.0336,0.0848,1.5844,0.9710,11,0,false
323,90.00,98.00,0.0408,0,47,23.50,0.0336,0.0848,1.5844,0.9710,11,0,false
324,90.00,98.00,0.0612,0,46,23.00,0.0336,0.0848,1.5844,0.9710,11,0,false
325,90.00,98.00,0.0408,0,47,23.50,0.0336,0.0848,1.5844,0.9710,11,0,false
326,90.00,98.00,0.0612,0,46,23.00,0.0336,0.0848,1.5844,0.9710,11,0,false
327,90.00,98.00,0.0408,0,47,23.50,0.0336,0.0848,1.5844,0.9710,11,0,false
328,90.00,98.00,0.0612,0,46,23.00,0.0336,0.0848,1.5844,0.9710,11,0,false
329,90.00,98.00,0.0408,0,47,23.50,0.0336,0.0848,1.5844,0.9710,11,0,false
330,90.00,98.00,0.0612,0,46,23.00,0.0336,0.0848,1.5844,0.9710,11,0,false
331,90.00,98.00,0.0408,0,47,23.50,0.0336,0.0848,1.5844,0.9710,11,0,false
332,90.00,98.00,0.0612,0,46,23.00,0.0336,0.0848,1.5844,0.9710,11,0,false
333,90.00,98.00,0.0408,0,47,23.50,0.0336,0.0848,1.5844,0.9710,11,0,false
334,90.00,98.00,0.0612,0,46,23.00,0.0336,0.0848,1.5844,0.9710,11,0,false
335,90.00,98.00,0.0408,0,47,23.50,0.0336,0.0848,1.5844,0.9710,11,0,false
336,90.00,98.00,0.0612,0,46,23.00,0.0336,0.0848,1.5844,0.9710,11,0,false
337,90.00,98.00,0.0408,0,47,23.50,0.0336,0.0848,1.5844,0.9710,11,0,false
338,90.00,98.00,0.0612,0,46,23.00,0.0336,0.0848,1.5844,0.9710,11,0,false
339,90.00,98.00,0.0408,0,47,23.50,0.0336,0.0848,1.5844,0.9710,11,0,false
340,90.00,98.00,0.0612,0,46,23.00,0.0336,0.0848,1.5844,0.9710,11,0,false
341,90.00,98.00,0.0408,0,47,23.50,0.0336,0.0848,1.5844,0.9710,11,0,false
342,90.00,98.00,0.0612,0,46,23.00,0.0336,0.0848,1.5844,0.9710,11,0,false
343,90.00,98.00,0.0408,0,47,23.50,0.0336,0.0848,1.5844,0.9710,11,0,false
344,90.00,98.00,0.0612,0,46,23.00,0.0336,0.0848,1.5844,0.9710,11,0,false
345,90.00,98.00,0.0408,0,47,23.50,0.0336,0.0848,1.5844,0.9710,11,0,false
346,90.00,98.00,0.0612,0,46,23.00,0.0336,0.0848,1.5844,0.9710,11,0,false
347,90.00,98.00,0.0408,0,47,23.50,0.0336,0.0848,1.5844,0.9710,11,0,false
348,90.00,98.00,0.0612,0,46,23.00,0.0336,0.0848,1.5844,0.9710,11,0,false
349,90.00,98.00,0.0408,0,47,23.50,0.0336,0.0848,1.5844,0.9710,11,0,false
350,90.00,98.00,0.0612,0,46,23.00,0.0336,0.0848,1.5844,0.9710,11,0,false
351,90.00,98.00,0.0408,0,47,23.50,0.0336,0.0848,1.5844,0.9710,11,0,false
352,90.00,98.00,0.0612,0,46,23.00,0.0336,0.0848,1.5844,0.9710,11,0,false
353,90.00,98.00,0.0408,0,47,23.50,0.0336,0.0848,1.5844,0.9710,11,0,false
354,90.00,98.00,0.0612,0,46,23.00,0.0336,0.0848,1.5844,0.9710,11,0,false
355,90.00,98.00,0.0408,0,47,23.50,0.0336,0.0848,1.5844,0.9710,11,0,false
356,90.00,98.00,0.0612,0,46,23.00,0.0336,0.0848,1.5844,0.9710,11,0,false
357,90.00,98.00,0.0408,0,47,23.50,0.0336,0.0848,1.5844,0.9710,11,0,false
358,90.00,98.00,0.0612,0,46,23.00,0.0336,0.0848,1.5844,0.9710,11,0,false
359,90.00,98.00,0.0408,0,47,23.50,0.0336,0.0848,1.5844,0.9710,11,0,false
360,90.00,98.00,0.0612,0,46,23.00,0.0336,0.0848,1.5844,0.9710,11,0,false
361,90.00,98.00,0.0408,0,47,23.50,0.0336,0.0848,1.5844,0.9710,11,0,false
362,90.00,98.00,0.0612,0,46,23.00,0.0336,0.0848,1.5844,0.9710,11,0,false
363,90.00,98.00,0.0408,0,47,23.50,0.0336,0.0848,1.5844,0.9710,11,0,false
364,90.00,98.00,0.0612,0,46,23.00,0.0336,0.0848,1.5844,0.9710,11,0,false
365,90.00,98.00,0.0408,0,47,23.50,0.0336,0.0848,1.5844,0.9710,11,0,false
366,90.00,98.00,0.0612,0,46,23.00,0.0336,0.0848,1.5844,0.9710,11,0,false
367,90.00,98.00,0.0408,0,47,23.50,0.0336,0.0848,1.5844,0.9710,11,0,false
368,90.00,98.00,0.0612,0,46,23.00,0.0336,0.0848,1.5844,0.9710,11,0,false
369,90.00,98.00,0.0408,0,47,23.50,0.0336,0.0848,1.5844,0.9710,11,0,false
370,90.00,98.00,0.0612,0,46,23.00,0.0336,0.0848,1.5844,0.9710,11,0,false
371,90.00,98.00,0.0408,0,47,23.50,0.0336,0.0848,1.5844,0.9710,11,0,false
372,90.00,98.00,0.0612,0,46,23.00,0.0336,0.0848,1.5844,0.9710,11,0,false
373,90.00,98.00,0.0408,0,47,23.50,0.0336,0.0848,1.5844,0.9710,11,0,false
374,90.00,98.00,0.0612,0,46,23.00,0.0336,0.0848,1.5844,0.9710,11,0,false
375,90.00,98.00,0.0408,0,47,23.50,0.0336,0.0848,1.5844,0.9710,11,0,false
376,90.00,98.00,0.0612,0,46,23.00,0.0336,0.0848,1.5844,0.9710,11,0,false
377,90.00,98.00,0.0408,0,47,23.50,0.0336,0.0848,1.5844,0.9710,11,0,false
378,90.00,98.00,0.0612,0,46,23.00,0.0336,0.0848,1.5844,0.9710,11,0,false
379,90.00,98.00,0.0408,0,47,23.50,0.0336,0.0848,1.5844,0.9710,11,0,false
380,90.00,98.00,0.0612,0,46,23.00,0.0336,0.0848,1.5844,0.9710,11,0,false
381,90.00,98.00,0.0408,0,47,23.50,0.0336,0.0848,1.5844,0.9710,11,0,false
382,90.00,98.00,0.0612,0,46,23.00,0.0336,0.0848,1.5844,0.9710,11,0,false
383,90.00,98.00,0.0408,0,47,23.50,0.0336,0.0848,1.5844,0.9710,11,0,false
384,90.00,98.00,0.0612,0,46,23.00,0.0336,0.0848,1.5844,0.9710,11,0,false
385,90.00,98.00,0.0408,0,47,23.50,0.0336,0.0848,1.5844,0.9710,11,0,false
386,90.00,98.00,0.0612,0,46,23.00,0.0336,0.0848,1.5844,0.9710,11,0,false
387,90.00,98.00,0.0408,0,47,23.50,0.0336,0.0848,1.5844,0.9710,11,0,false
388,90.00,98.00,0.0612,0,46,23.00,0.0336,0.0848,1.5844,0.9710,11,0,false
389,90.00,98.00,0.0408,0,47,23.50,0.0336,0.0848,1.5844,0.9710,11,0,false
390,90.00,98.00,0.0612,0,46,23.00,0.0336,0.0848,1.5844,0.9710,11,0,false
391,90.00,98.00,0.0408,0,47,23.50,0.0336,0.0848,1.5844,0.9710,11,0,false
392,90.00,98.00,0.0612,0,46,23.00,0.0336,0.0848,1.5844,0.9710,11,0,false
393,90.00,98.00,0.0408,0,47,23.50,0.0336,0.0848,1.5844,0.9710,11,0,false
394,90.00,98.00,0.0612,0,46,23.00,0.0336,0.0848,1.5844,0.9710,11,0,false
395,90.00,98.00,0.0408,0,47,23.50,0.0336,0.0848,1.5844,0.9710,11,0,false
396,90.00,98.00,0.0612,0,46,23.00,0.0336,0.0848,1.5844,0.9710,11,0,false
397,90.00,98.00,0.0408,0,47,23.50,0.0336,0.0848,1.5844,0.9710,11,0,false
398,90.00,98.00,0.0612,0,46,23.00,0.0336,0.0848,1.5844,0.9710,11,0,false
399,90.00,98.00,0.0408,0,47,23.50,0.0336,0.0848,1.5844,0.9710,11,0,false
400,90.00,98.00,0.0612,0,46,23.00,0.0336,0.0848,1.5844,0.9710,11,0,false
401,90.00,98.00,0.0408,0,47,23.50,0.0336,0.0848,1.5844,0.9710,11,0,false
402,90.00,98.00,0.0612,0,46,23.00,0.0336,0.0848,1.5844,0.9710,11,0,false
403,90.00,98.00,0.0408,0,47,23.50,0.0336,0.0848,1.5844,0.9710,11,0,false
404,90.00,98.00,0.0612,0,46,23.00,0.0336,0.0848,1.5844,0.9710,11,0,false
405,90.00,98.00,0.0408,0,47,23.50,0.0336,0.0848,1.5844,0.9710,11,0,false
406,90.00,98.00,0.0612,0,46,23.00,0.0336,0.0848,1.5844,0.9710,11,0,false
407,90.00,98.00,0.0408,0,47,23.50,0.0336,0.0848,1.5844,0.9710,11,0,false
408,90.00,98.00,0.0612,0,46,23.00,0.0336,0.0848,1.5844,0.9710,11,0,false
409,90.00,98.00,0.0408,0,47,23.50,0.0336,0.0848,1.5844,0.9710,11,0,false
410,90.00,98.00,0.0612,0,46,23.00,0.0336,0.0848,1.5844,0.9710,11,0,false
411,90.00,98.00,0.0408,0,47,23.50,0.0336,0.0848,1.5844,0.9710,11,0,false
412,90.00,98.00,0.0612,0,46,23.00,0.0336,0.0848,1.5844,0.9710,11,0,false
413,90.00,98.00,0.0408,0,47,23.50,0.0336,0.0848,1.5844,0.9710,11,0,false
414,90.00,98.00,0.0612,0,46,23.00,0.0336,0.0848,1.5844,0.9710,11,0,false
415,90.00,98.00,0.0408,0,47,23.50,0.0336,0.0848,1.5844,0.9710,11,0,false
416,90.00,98.00,0.0612,0,46,23.00,0.0336,0.0848,1.5844,0.9710,11,0,false
417,90.00,98.00,0.0408,0,47,23.50,0.0336,0.0848,1.5844,0.9710,11,0,false
418,90.00,98.00,0.0612,0,46,23.00,0.0336,0.0848,1.5844,0.9710,11,0,false
419,90.00,98.00,0.0408,0,47,23.50,0.0336,0.0848,1.5844,0.9710,11,0,false
420,90.00,98.00,0.0612,0,46,23.00,0.0336,0.0848,1.5844,0.9710,11,0,false
421,90.00,98.00,0.0408,0,47,23.50,0.0336,0.0848,1.5844,0.9710,11,0,false
422,90.00,98.00,0.0612,0,46,23.00,0.0336,0.0848,1.5844,0.9710,11,0,false
423,90.00,98.00,0.0408,0,47,23.50,0.0336,0.0848,1.5844,0.9710,11,0,false
424,90.00,98.00,0.0612,0,46,23.00,0.0336,0.0848,1.5844,0.9710,11,0,false
425,90.00,98.00,0.0408,0,47,23.50,0.0336,0.0848,1.5844,0.9710,11,0,false
426,90.00,98.00,0.0612,0,46,23.00,0.0336,0.0848,1.5844,0.9710,11,0,false
427,90.00,98.00,0.0408,0,47,23.50,0.0336,0.0848,1.5844,0.9710,11,0,false
428,90.00,98.00,0.0612,0,46,23.00,0.0336,0.0848,1.5844,0.9710,11,0,false
429,90.00,98.00,0.0408,0,47,23.50,0.0336,0.0848,1.5844,0.9710,11,0,false
430,90.00,98.00,0.0612,0,46,23.00,0.0336,0.0848,1.5844,0.9710,11,0,false
431,90.00,98.00,0.0408,0,47,23.50,0.0336,0.0848,1.5844,0.9710,11,0,false
432,90.00,98.00,0.0612,0,46,23.00,0.0336,0.0848,1.5844,0.9710,11,0,false
433,90.00,98.00,0.0408,0,47,23.50,0.0336,0.0848,1.5844,0.9710,11,0,false
434,90.00,98.00,0.0612,0,46,23.00,0.0336,0.0848,1.5844,0.9710,11,0,false
435,90.00,98.00,0.0408,0,47,23.50,0.0336,0.0848,1.5844,0.9710,11,0,false
436,90.00,98.00,0.0612,0,46,23.00,0.0336,0.0848,1.5844,0.9710,11,0,false
437,90.00,98.00,0.0408,0,47,23.50,0.0336,0.0848,1.5844,0.9710,11,0,false
438,90.00,98.00,0.0612,0,46,23.00,0.0336,0.0848,1.5844,0.9710,11,0,false
439,90.00,98.00,0.0408,0,47,23.50,0.0336,0.0848,1.5844,0.9710,11,0,false
440,90.00,98.00,0.0612,0,46,23.00,0.0336,0.0848,1.5844,0.9710,11,0,false
441,90.00,98.00,0.0408,0,47,23.50,0.0336,0.0848,1.5844,0.9710,11,0,false
442,90.00,98.00,0.0612,0,46,23.00,0.0336,0.0848,1.5844,0.9710,11,0,false
443,90.00,98.00,0.0408,0,47,23.50,0.0336,0.0848,1.5844,0.9710,11,0,false
444,90.00,98.00,0.0612,0,46,23.00,0.0336,0.0848,1.5844,0.9710,11,0,false
445,90.00,98.00,0.0408,0,47,23.50,0.0336,0.0848,1.5844,0.9710,11,0,false
446,90.00,98.00,0.0612,0,46,23.00,0.0336,0.0848,1.5844,0.9710,11,0,false
447,90.00,98.00,0.0408,0,47,23.50,0.0336,0.0848,1.5844,0.9710,11,0,false
448,90.00,98.00,0.0612,0,46,23.00,0.0336,0.0848,1.5844,0.9710,11,0,false
449,90.00,98.00,0.0408,0,47,23.50,0.0336,0.0848,1.5844,0.9710,11,0,false
450,90.00,98.00,0.0612,0,46,23.00,0.0336,0.0848,1.5844,0.9710,11,0,false
451,90.00,98.00,0.0408,0,47,23.50,0.0336,0.0848,1.5844,0.9710,11,0,false
452,90.00,98.00,0.0612,0,46,23.00,0.0336,0.0848,1.5844,0.9710,11,0,false
453,90.00,98.00,0.0408,0,47,23.50,0.0336,0.0848,1.5844,0.9710,11,0,false
454,90.00,98.00,0.0612,0,46,23.00,0.0336,0.0848,1.5844,0.9710,11,0,false
455,90.00,98.00,0.0408,0,47,23.50,0.0336,0.0848,1.5844,0.9710,11,0,false
456,90.00,98.00,0.0612,0,46,23.00,0.0336,0.0848,1.5844,0.9710,11,0,false
457,90.00,98.00,0.0408,0,47,23.50,0.0336,0.0848,1.5844,0.9710,11,0,false
458,90.00,98.00,0.0612,0,46,23.00,0.0336,0.0848,1.5844,0.9710,11,0,false
459,90.00,98.00,0.0408,0,47,23.50,0.0336,0.0848,1.5844,0.9710,11,0,false
460,90.00,98.00,0.0612,0,46,23.00,0.0336,0.0848,1.5844,0.9710,11,0,false
461,90.00,98.00,0.0408,0,47,23.50,0.0336,0.0848,1.5844,0.9710,11,0,false
462,90.00,98.00,0.0612,0,46,23.00,0.0336,0.0848,1.5844,0.9710,11,0,false
463,90.00,98.00,0.0408,0,47,23.50,0.0336,0.0848,1.5844,0.9710,11,0,false
464,90.00,98.00,0.0612,0,46,23.00,0.0336,0.0848,1.5844,0.9710,11,0,false
465,90.00,98.00,0.0408,0,47,23.50,0.0336,0.0848,1.5844,0.9710,11,0,false
466,90.00,98.00,0.0612,0,46,23.00,0.0336,0.0848,1.5844,0.9710,11,0,false
467,90.00,98.00,0.0408,0,47,23.50,0.0336,0.0848,1.5844,0.9710,11,0,false
468,90.00,98.00,0.0612,0,46,23.00,0.0336,0.0848,1.5844,0.9710,11,0,false
469,90.00,98.00,0.0408,0,47,23.50,0.0336,0.0848,1.5844,0.9710,11,0,false
470,90.00,98.00,0.0612,0,46,23.00,0.0336,0.0848,1.5844,0.9710,11,0,false
471,90.00,98.00,0.0408,0,47,23.50,0.0336,0.0848,1.5844,0.9710,11,0,false
472,90.00,98.00,0.0612,0,46,23.00,0.0336,0.0848,1.5844,0.9710,11,0,false
473,90.00,98.00,0.0408,0,47,23.50,0.0336,0.0848,1.5844,0.9710,11,0,false
474,90.00,98.00,0.0612,0,46,23.00,0.0336,0.0848,1.5844,0.9710,11,0,false
475,90.00,98.00,0.0408,0,47,23.50,0.0336,0.0848,1.5844,0.9710,11,0,false
476,90.00,98.00,0.0612,0,46,23.00,0.0336,0.0848,1.5844,0.9710,11,0,false
477,90.00,98.00,0.0408,0,47,23.50,0.0336,0.0848,1.5844,0.9710,11,0,false
478,90.00,98.00,0.0612,0,46,23.00,0.0336,0.0848,1.5844,0.9710,11,0,false
479,90.00,98.00,0.0408,0,47,23.50,0.0336,0.0848,1.5844,0.9710,11,0,false
480,90.00,98.00,0.0612,0,46,23.00,0.0336,0.0848,1.5844,0.9710,11,0,false
481,90.00,98.00,0.0408,0,47,23.50,0.0336,0.0848,1.5844,0.9710,11,0,false
482,90.00,98.00,0.0612,0,46,23.00,0.0336,0.0848,1.5844,0.9710,11,0,false
483,90.00,98.00,0.0408,0,47,23.50,0.0336,0.0848,1.5844,0.9710,11,0,false
484,90.00,98.00,0.0612,0,46,23.00,0.0336,0.0848,1.5844,0.9710,11,0,false
485,90.00,98.00,0.0408,0,47,23.50,0.0336,0.0848,1.5844,0.9710,11,0,false
486,90.00,98.00,0.0612,0,46,23.00,0.0336,0.0848,1.5844,0.9710,11,0,false
487,90.00,98.00,0.0408,0,47,23.50,0.0336,0.0848,1.5844,0.9710,11,0,false
488,90.00,98.00,0.0612,0,46,23.00,0.0336,0.0848,1.5844,0.9710,11,0,false
489,90.00,98.00,0.0408,0,47,23.50,0.0336,0.0848,1.5844,0.9710,11,0,false
490,90.00,98.00,0.0612,0,46,23.00,0.0336,0.0848,1.5844,0.9710,11,0,false
491,90.00,98.00,0.0408,0,47,23.50,0.0336,0.0848,1.5844,0.9710,11,0,false
492,90.00,98.00,0.0612,0,46,23.00,0.0336,0.0848,1.5844,0.9710,11,0,false
493,90.00,98.00,0.0408,0,47,23.50,0.0336,0.0848,1.5844,0.9710,11,0,false
494,90.00,98.00,0.0612,0,46,23.00,0.0336,0.0848,1.5844,0.9710,11,0,false
495,90.00,98.00,0.0408,0,47,23.50,0.0336,0.0848,1.5844,0.9710,11,0,false
496,90.00,98.00,0.0612,0,46,23.00,0.0336,0.0848,1.5844,0.9710,11,0,false
497,90.00,98.00,0.0408,0,47,23.50,0.0336,0.0848,1.5844,0.9710,11,0,false
498,90.00,98.00,0.0612,0,46,23.00,0.0336,0.0848,1.5844,0.9710,11,0,false
499,90.00,98.00,0.0408,0,47,23.50,0.0336,0.0848,1.5844,0.9710,11,0,false
500,90.00,98.00,0.0612,0,46,23.00,0.0336,0.0848,1.5844,0.9710,11,0,false
